CHROM,POS,Gene,Effect,Impact
chr1,827209,LINC01128,upstream_gene_variant,MODIFIER
chr1,827209,LINC01128,upstream_gene_variant,MODIFIER
chr1,827209,LINC01128,upstream_gene_variant,MODIFIER
chr1,827209,LINC01128,upstream_gene_variant,MODIFIER
chr1,827209,LINC01128,upstream_gene_variant,MODIFIER
chr1,827209,LINC01128,upstream_gene_variant,MODIFIER
chr1,827209,LINC01128,upstream_gene_variant,MODIFIER
chr1,827209,LINC01128,upstream_gene_variant,MODIFIER
chr1,827209,LINC01128,upstream_gene_variant,MODIFIER
chr1,827209,LINC01128,upstream_gene_variant,MODIFIER
chr1,827209,LINC01128,upstream_gene_variant,MODIFIER
chr1,827209,LINC01128,upstream_gene_variant,MODIFIER
chr1,827209,RP5-857K21.4,intron_variant,MODIFIER
chr1,827209,RP5-857K21.4,intron_variant,MODIFIER
chr1,827209,LINC01128,intron_variant,MODIFIER
chr1,827209,LINC01128,intron_variant,MODIFIER
chr1,827209,LINC00115,non_coding_transcript_exon_variant,MODIFIER
chr1,827212,LINC01128,upstream_gene_variant,MODIFIER
chr1,827212,LINC01128,upstream_gene_variant,MODIFIER
chr1,827212,LINC01128,upstream_gene_variant,MODIFIER
chr1,827212,LINC01128,upstream_gene_variant,MODIFIER
chr1,827212,LINC01128,upstream_gene_variant,MODIFIER
chr1,827212,LINC01128,upstream_gene_variant,MODIFIER
chr1,827212,LINC01128,upstream_gene_variant,MODIFIER
chr1,827212,LINC01128,upstream_gene_variant,MODIFIER
chr1,827212,LINC01128,upstream_gene_variant,MODIFIER
chr1,827212,LINC01128,upstream_gene_variant,MODIFIER
chr1,827212,LINC01128,upstream_gene_variant,MODIFIER
chr1,827212,LINC01128,upstream_gene_variant,MODIFIER
chr1,827212,RP5-857K21.4,intron_variant,MODIFIER
chr1,827212,RP5-857K21.4,intron_variant,MODIFIER
chr1,827212,LINC01128,intron_variant,MODIFIER
chr1,827212,LINC01128,intron_variant,MODIFIER
chr1,827212,LINC00115,non_coding_transcript_exon_variant,MODIFIER
chr1,827221,LINC01128,upstream_gene_variant,MODIFIER
chr1,827221,LINC01128,upstream_gene_variant,MODIFIER
chr1,827221,LINC01128,upstream_gene_variant,MODIFIER
chr1,827221,LINC01128,upstream_gene_variant,MODIFIER
chr1,827221,LINC01128,upstream_gene_variant,MODIFIER
chr1,827221,LINC01128,upstream_gene_variant,MODIFIER
chr1,827221,LINC01128,upstream_gene_variant,MODIFIER
chr1,827221,LINC01128,upstream_gene_variant,MODIFIER
chr1,827221,LINC01128,upstream_gene_variant,MODIFIER
chr1,827221,LINC01128,upstream_gene_variant,MODIFIER
chr1,827221,LINC01128,upstream_gene_variant,MODIFIER
chr1,827221,LINC01128,upstream_gene_variant,MODIFIER
chr1,827221,RP5-857K21.4,intron_variant,MODIFIER
chr1,827221,RP5-857K21.4,intron_variant,MODIFIER
chr1,827221,LINC01128,intron_variant,MODIFIER
chr1,827221,LINC01128,intron_variant,MODIFIER
chr1,827221,LINC00115,non_coding_transcript_exon_variant,MODIFIER
chr1,96678782,RPL7P9,downstream_gene_variant,MODIFIER
chr1,96678782,NDUFS5P2-RPL7P9,intergenic_region,MODIFIER
